{"eval/runtime":993.6364,"train_samples_per_second":0.737,"_wandb":{"runtime":40197},"train/grad_norm":0.2992215156555176,"train_loss":0.4185905612839593,"train/loss":0.3123,"train/learning_rate":6.475015220552827e-10,"eval/steps_per_second":0.69,"train_runtime":39084.1625,"eval/samples_per_second":2.76,"train/epoch":1.2129380053908356,"_step":41,"_timestamp":1.7740906343409638e+09,"total_flos":7.533757595285422e+17,"train/global_step":900,"eval/loss":0.4835735857486725,"_runtime":40197,"train_steps_per_second":0.023}