{"_step":0,"train/global_step":1,"_runtime":565,"train/loss":1.1486,"train/learning_rate":0,"train/epoch":0.0012697404967859695,"_timestamp":1.7740494689020836e+09,"train/grad_norm":2.3211257457733154,"_wandb":{"runtime":565}}