{"_timestamp":1.7740120387614605e+09,"_runtime":45745,"eval/runtime":505.1507,"eval/samples_per_second":1.742,"train_steps_per_second":0.016,"_step":77,"train/grad_norm":0.1570468693971634,"train/epoch":3,"train_samples_per_second":0.514,"total_flos":9.703080116311081e+17,"eval/loss":0.37733784317970276,"train_loss":0.3778541449493178,"train/global_step":729,"train_runtime":45205.0744,"train/loss":0.3257,"_wandb":{"runtime":45745},"train/learning_rate":9.8709615630721e-08,"eval/steps_per_second":1.742}