{"eval/steps_per_second":0.515,"train/grad_norm":0.41849032044410706,"train_samples_per_second":1.954,"total_flos":1.3043256945007657e+18,"train/learning_rate":9.975944949281747e-05,"train_runtime":11911.844,"eval/runtime":42.7444,"train/epoch":1.6494845360824741,"train_loss":0.33933287873864176,"_runtime":11965,"_wandb":{"runtime":11965},"_step":22,"train_steps_per_second":0.061,"eval/samples_per_second":4.001,"train/loss":0.2623,"eval/loss":0.346399188041687,"train/global_step":400,"_timestamp":1.7744610995317085e+09}